crawl_time,crawl_date,publish_time,publish_date,source_site,source_file,keyword,city,city_clean,job_title,company_name,salary,salary_avg,experience,education,raw_tags,skills,job_url
2026-04-17T23:26:08,2026-04-17,2026-04-09 08:07:00,2026-20-06,job51,jobs_raw_2026-04-17_232427.csv,财务,镇江,镇江,财务资金结算岗,江苏恒神,4.5-6千,5250,无需经验,本科,"无需经验,本科,会计,财务管理,office,资金管理,贷款资料,放贷,支付,担保,保密,资金收付,五险一金,员工旅游,带薪年假,补充医疗保险,年终奖金,绩效奖金,专业培训,定期体检,免费班车",,https://jobs.51job.com/zhenjiang/171014290.html?s=sou_sou_soulb&t=0_0&req=d93160cdbbba4ba491b04960d49e66d8
2026-04-17T23:26:08,2026-04-17,2026-04-08 10:47:49,2026-20-06,job51,jobs_raw_2026-04-17_232427.csv,财务,广州·天河区,广州,财务助理,广东艺涛装饰工程,4-6千,5000,1年及以上,大专,"1年及以上,大专,会计,归档,报表,报销,记账,工资核算,退税,会计资料整理,账册,五险一金,餐饮补贴,专业培训,绩效奖金,年终奖金,定期体检",,https://jobs.51job.com/guangzhou-thq/157946635.html?s=sou_sou_soulb&t=0_0&req=d93160cdbbba4ba491b04960d49e66d8
2026-04-17T23:26:08,2026-04-17,2026-03-23 16:17:27,2026-20-06,job51,jobs_raw_2026-04-17_232427.csv,财务,舟山·定海区,舟山,财务综合岗（可应届实习）,我买珍品（湖北省）食品,4.3-5千,4650,无需经验,大专,"无需经验,大专,财务,库存管理,薪资核算,日常报销,客户来访接待,财务结算,账务,库存盘点,节日福利",,https://jobs.51job.com/zhoushan-dhq/170278315.html?s=sou_sou_soulb&t=0_0&req=d93160cdbbba4ba491b04960d49e66d8
2026-04-17T23:26:08,2026-04-17,2026-04-13 15:14:43,2026-20-06,job51,jobs_raw_2026-04-17_232427.csv,财务,广州·荔湾区,广州,财务助理,广州幻博智能科技,4-5千,4500,1-2年,大专,"1-2年,大专,报销,税务申报,发票开具,账务整理,财务会计,成本管理,周末双休,节日福利,五险",,https://jobs.51job.com/guangzhou-lwq/170933380.html?s=sou_sou_soulb&t=0_0&req=d93160cdbbba4ba491b04960d49e66d8
2026-04-17T23:26:08,2026-04-17,2026-04-07 12:03:07,2026-20-06,job51,jobs_raw_2026-04-17_232427.csv,财务,深圳·罗湖区,深圳,出纳兼财务助理,深圳市营生国际物流,5-7千·13薪,6000,无需经验,大专,"无需经验,大专,办公软件,财务,会计,财务核算,发票管理,报销单据整理,账务处理,五险一金,做五休二,年终奖金,带薪年假,员工旅游,节日福利,周末双休,节假日福利",,https://jobs.51job.com/shenzhen-luohuqu/170717667.html?s=sou_sou_soulb&t=0_0&req=d93160cdbbba4ba491b04960d49e66d8
2026-04-17T23:26:08,2026-04-17,2026-04-15 10:27:21,2026-20-06,job51,jobs_raw_2026-04-17_232427.csv,财务,金华·武义县,金华,对账员（25/26届应届生）,浙江康巴赫科技,5-8千,6500,无需经验,本科,"无需经验,本科,五险一金,带薪年假,年终奖金,绩效奖金,包住,租房补贴,通讯补贴,定期团建,出差补贴",,https://jobs.51job.com/jinhua-wyx/168530911.html?s=sou_sou_soulb&t=0_0&req=d93160cdbbba4ba491b04960d49e66d8
2026-04-17T23:26:08,2026-04-17,2026-04-01 10:24:07,2026-20-06,job51,jobs_raw_2026-04-17_232427.csv,财务,南昌·青山湖区,南昌,出纳,南昌金诚创业服务,3-4千,3500,无需经验,未知,"无需经验,培训,五险,带薪年假,员工旅游,年终奖金,绩效奖金,专业培训,包住,通讯补贴,交通补贴,出差补贴",,https://jobs.51job.com/nanchang-qshq/170207522.html?s=sou_sou_soulb&t=0_0&req=d93160cdbbba4ba491b04960d49e66d8
2026-04-17T23:26:08,2026-04-17,2026-04-15 20:37:37,2026-20-06,job51,jobs_raw_2026-04-17_232427.csv,财务,东莞·东城区,东莞,人事财务专员,杭州汇利纵横信息科技,7.5-8.5千·13薪,8000,1年及以上,大专,"1年及以上,大专,员工培训,社保,双休,五险,公积金,零食下午茶,定期团建,年终奖金,绩效奖金,项目奖金,专业培训",,https://jobs.51job.com/dongguan-dcq/171625350.html?s=sou_sou_soulb&t=0_0&req=d93160cdbbba4ba491b04960d49e66d8
2026-04-17T23:26:08,2026-04-17,2026-01-15 15:27:06,2026-20-06,job51,jobs_raw_2026-04-17_232427.csv,财务,广州·天河区,广州,财务出纳,广州清大锐思咨询服务,4-5千,4500,1年及以上,大专,"1年及以上,大专,五险一金,员工旅游,专业培训,绩效奖金,年终奖金",,https://jobs.51job.com/guangzhou-thq/137254711.html?s=sou_sou_soulb&t=0_0&req=d93160cdbbba4ba491b04960d49e66d8
2026-04-17T23:26:08,2026-04-17,2026-02-26 15:17:31,2026-20-06,job51,jobs_raw_2026-04-17_232427.csv,财务,上海·杨浦区,上海,财务管培生,上海泓济环保科技,6千-1万,6000,无需经验,本科,"无需经验,本科,office,财务软件",,https://jobs.51job.com/shanghai-ypq/169959819.html?s=sou_sou_soulb&t=0_0&req=d93160cdbbba4ba491b04960d49e66d8
2026-04-17T23:26:08,2026-04-17,2026-03-09 13:46:17,2026-20-06,job51,jobs_raw_2026-04-17_232427.csv,财务,深圳·南山区,深圳,财务助理,深圳亿鑫亿翌,4-5千,4500,1年及以上,大专,"1年及以上,大专,会计,财务软件,税务申报,发票开具,会计助理,装订凭证,登记入账,会计资格证书,会计凭证制单,年终奖金,全勤奖,领导好,团队氛围,氛围好",,https://jobs.51job.com/shenzhen-nsq/170930717.html?s=sou_sou_soulb&t=0_0&req=d93160cdbbba4ba491b04960d49e66d8
2026-04-17T23:26:08,2026-04-17,2026-04-06 08:30:26,2026-20-06,job51,jobs_raw_2026-04-17_232427.csv,财务,金华·永康市,金华,会计助理,浙江优奈特电机,4-6.5千,5250,无需经验,大专,"无需经验,大专,五险,带薪年假,年终奖金,专业培训,定期体检,包住,有餐补,出差补贴,定期团建",,https://jobs.51job.com/jinhua-yks/171016822.html?s=sou_sou_soulb&t=0_0&req=d93160cdbbba4ba491b04960d49e66d8
2026-04-17T23:26:08,2026-04-17,2026-03-11 09:14:54,2026-20-06,job51,jobs_raw_2026-04-17_232427.csv,财务,苏州·相城区,苏州,财务实习生,苏州安路特汽车部件,200元/天,4350,无需经验,本科,"无需经验,本科,开票,税务申报,付款申请,报税资料,收款会计凭证,开具***,资金收付结算,账务处理,现金流量表,核销应收账款",,https://jobs.51job.com/suzhou-xcq/170976140.html?s=sou_sou_soulb&t=0_0&req=d93160cdbbba4ba491b04960d49e66d8
2026-04-17T23:26:08,2026-04-17,2026-03-23 15:29:40,2026-20-06,job51,jobs_raw_2026-04-17_232427.csv,财务,江门·蓬江区,江门,会计助理,广东东浩财税集团,4-5千,4500,1年及以上,大专,"1年及以上,大专,excel,财务,word,应收应付,账务核对,凭证装订,用友财务软件,报表出具,账务处理,工商年审,五险一金,员工旅游,专业培训,绩效奖金,年终奖金,交通补贴,五险一金,员工旅游,专业培训,绩效奖金,年终奖金,广阔平台,人脉积累",Excel,https://jobs.51job.com/jiangmen-pjq/153659264.html?s=sou_sou_soulb&t=0_0&req=d93160cdbbba4ba491b04960d49e66d8
2026-04-17T23:26:08,2026-04-17,2026-03-25 15:51:04,2026-20-06,job51,jobs_raw_2026-04-17_232427.csv,财务,昆明·西山区,昆明,财务内勤,深圳市金地物业管理有限公司成都,4-5千·14薪,4500,1年及以上,大专,"1年及以上,大专,财务,财务管理,电脑,网络,会计学,费用报销,费用预算,工资表,审核报销,五险一金,年终奖金,专业培训",,https://jobs.51job.com/kunming-xsq/171258299.html?s=sou_sou_soulb&t=0_0&req=d93160cdbbba4ba491b04960d49e66d8
2026-04-17T23:26:08,2026-04-17,2026-04-09 18:31:27,2026-20-06,job51,jobs_raw_2026-04-17_232427.csv,财务,广州·海珠区,广州,财务助理,广州海谊投资置业发展,4-4.5千,4250,无需经验,中技/中专,"无需经验,中技/中专",,https://jobs.51job.com/guangzhou-hzq/171345302.html?s=sou_sou_soulb&t=0_0&req=d93160cdbbba4ba491b04960d49e66d8
2026-04-17T23:26:08,2026-04-17,2026-03-25 15:55:00,2026-20-06,job51,jobs_raw_2026-04-17_232427.csv,财务,昆明·官渡区,昆明,财务管培生,年安保险销售服务,3千及以下,3000,无需经验,本科,"无需经验,本科,数据分析,财务,会计,财务管理,经济,报表编制,凭证审核,预算编制,账务处理,财务分析,专业培训,周末双休,免费工作餐",数据分析,https://jobs.51job.com/kunming-gdq/171258496.html?s=sou_sou_soulb&t=0_0&req=d93160cdbbba4ba491b04960d49e66d8
2026-04-17T23:26:08,2026-04-17,2026-02-12 16:11:58,2026-20-06,job51,jobs_raw_2026-04-17_232427.csv,财务,长春·南关区,长春,会计管理岗 (MJ008626),中国太平洋人寿保险股份有限公司吉林省,3-5千,4000,无需经验,本科,"无需经验,本科,五险一金,绩效奖金,定期体检,节日福利",,https://jobs.51job.com/changchun-ngq/168692959.html?s=sou_sou_soulb&t=0_0&req=d93160cdbbba4ba491b04960d49e66d8
2026-04-17T23:26:08,2026-04-17,2026-03-13 11:31:17,2026-20-06,job51,jobs_raw_2026-04-17_232427.csv,财务,昆明·西山区,昆明,财务助理,云南永惠霖药业,3-4千,3500,2年及以上,大专,"2年及以上,大专,财务,财务管理,银行,审核,会计凭证,发票开具,业务单据,专业培训,餐饮补贴,五险,节假日福利",,https://jobs.51job.com/kunming-xsq/171034052.html?s=sou_sou_soulb&t=0_0&req=d93160cdbbba4ba491b04960d49e66d8
2026-04-17T23:26:08,2026-04-17,2026-03-31 10:08:37,2026-20-06,job51,jobs_raw_2026-04-17_232427.csv,财务,南昌·青山湖区,南昌,财务顾问,南昌金诚创业服务,6-8千,7000,无需经验,本科,"无需经验,本科",,https://jobs.51job.com/nanchang-qshq/162115987.html?s=sou_sou_soulb&t=0_0&req=d93160cdbbba4ba491b04960d49e66d8
2026-04-17T23:26:15,2026-04-17,2026-04-17 08:43:01,2026-20-06,job51,jobs_raw_2026-04-17_232427.csv,财务,郑州·管城回族区,郑州,会计统计结算,河南塔韵文化传媒,4-6千·13薪,5000,无需经验,未知,"无需经验,绩效奖金,定期团建,节日福利,单休,五险一金,带薪年假,带薪病假,年终奖金,项目奖金,定期体检,零食下午茶,通讯补贴,出差补贴",,https://jobs.51job.com/guanchenghuizuqu/163059877.html?s=sou_sou_soulb&t=0_0&req=14d3c67490b1431eb476cfc595ca03e9
2026-04-17T23:26:15,2026-04-17,2026-04-08 14:47:01,2026-20-06,job51,jobs_raw_2026-04-17_232427.csv,财务,汕尾,汕尾,会计师（能接受出差）,汕尾市国泰食品,6千-1万,6000,1年及以上,大专,"1年及以上,大专,办公软件,会计,财务管理,财务报表,税务,财务软件,税务申报,数据支持,发票管理,决策建议,节日福利,带薪年假,五险,包住宿,包吃包住,节日礼品,员工旅游,定期体检,专业培训",,https://jobs.51job.com/shanwei/171483205.html?s=sou_sou_soulb&t=0_0&req=14d3c67490b1431eb476cfc595ca03e9
2026-04-17T23:26:15,2026-04-17,2026-03-31 09:51:13,2026-20-06,job51,jobs_raw_2026-04-17_232427.csv,财务,广州,广州,会计,广东亚洲国际大酒店,4-4.5千,4250,无需经验,大专,"无需经验,大专,计算机,财务,会计,财务软件,会计凭证,报表,核算,会计核算,台账,财务报表分析,定期体检,节日福利,带薪年假,周末双休,五险二金,包工作餐",,https://jobs.51job.com/guangzhou/171344630.html?s=sou_sou_soulb&t=0_0&req=14d3c67490b1431eb476cfc595ca03e9
2026-04-17T23:26:15,2026-04-17,2026-04-14 16:48:50,2026-20-06,job51,jobs_raw_2026-04-17_232427.csv,财务,济宁·邹城市,济宁,财务管理应届生,山东荣信集团,4.5-8千,6250,无需经验,本科,"无需经验,本科,五险一金,年终奖金,定期体检,员工旅游,餐饮补贴",,https://jobs.51job.com/jining-zcs/155790987.html?s=sou_sou_soulb&t=0_0&req=14d3c67490b1431eb476cfc595ca03e9
2026-04-17T23:26:15,2026-04-17,2026-04-17 10:53:05,2026-20-06,job51,jobs_raw_2026-04-17_232427.csv,财务,昆明,昆明,会计助理,昆明定美义齿制作,2-3.5千,2750,无需经验,大专,"无需经验,大专,财务,初级会计证,员工宿舍,凭证整理装订,会计凭证处理,员工宿舍,旅游,过节礼品,培训,过节费,提供午餐,购买五险",,https://jobs.51job.com/kunming/168289329.html?s=sou_sou_soulb&t=0_0&req=14d3c67490b1431eb476cfc595ca03e9
2026-04-17T23:26:15,2026-04-17,2026-04-10 16:49:32,2026-20-06,job51,jobs_raw_2026-04-17_232427.csv,财务,西安·未央区,西安,会计助理,西安原点财务管理咨询,3-6千,4500,无需经验,大专,"无需经验,大专,周末双休,弹性工作,全勤奖,通讯补贴,做五休二,交通补贴,节日福利",,https://jobs.51job.com/xian-wyq/166267205.html?s=sou_sou_soulb&t=0_0&req=14d3c67490b1431eb476cfc595ca03e9
2026-04-17T23:26:15,2026-04-17,2026-04-09 14:53:30,2026-20-06,job51,jobs_raw_2026-04-17_232427.csv,财务,北京·海淀区,北京,会计,北京京胜世纪科技,3-5千,4000,无需经验,本科,"无需经验,本科",,https://jobs.51job.com/beijing-hdq/171508026.html?s=sou_sou_soulb&t=0_0&req=14d3c67490b1431eb476cfc595ca03e9
2026-04-17T23:26:15,2026-04-17,2026-03-18 09:18:15,2026-20-06,job51,jobs_raw_2026-04-17_232427.csv,财务,东莞,东莞,会计应届毕业生,东莞市至拙电器科技,6千-1万,6000,无需经验,本科,"无需经验,本科,职业规划,五险一金,带薪年假,绩效奖金,项目奖金,包吃,包住",,https://jobs.51job.com/dongguan/171111501.html?s=sou_sou_soulb&t=0_0&req=14d3c67490b1431eb476cfc595ca03e9
2026-04-17T23:26:15,2026-04-17,2026-04-17 09:22:33,2026-20-06,job51,jobs_raw_2026-04-17_232427.csv,财务,沈阳,沈阳,会计助理转成手会计,沈阳市和平区龙颖财务信息咨询中心,3-4.5千,3750,无需经验,未知,"无需经验,会计,出纳,会计助理,会计文员,财务助理",,https://jobs.51job.com/shenyang/108330562.html?s=sou_sou_soulb&t=0_0&req=14d3c67490b1431eb476cfc595ca03e9
2026-04-17T23:26:15,2026-04-17,2026-04-09 08:07:00,2026-20-06,job51,jobs_raw_2026-04-17_232427.csv,财务,镇江,镇江,财务资金结算岗,江苏恒神,4.5-6千,5250,无需经验,本科,"无需经验,本科,会计,财务管理,office,资金管理,贷款资料,放贷,支付,担保,保密,资金收付,五险一金,员工旅游,带薪年假,补充医疗保险,年终奖金,绩效奖金,专业培训,定期体检,免费班车",,https://jobs.51job.com/zhenjiang/171014290.html?s=sou_sou_soulb&t=0_0&req=14d3c67490b1431eb476cfc595ca03e9
2026-04-17T23:26:15,2026-04-17,2026-02-02 09:32:42,2026-20-06,job51,jobs_raw_2026-04-17_232427.csv,财务,东莞·万江区,东莞,会计助理,东莞市鼎合财税咨询,3千及以下·13薪,3000,无需经验,大专,"无需经验,大专,五险,发展空间大",,https://jobs.51job.com/dongguan-wjq/153072023.html?s=sou_sou_soulb&t=0_0&req=14d3c67490b1431eb476cfc595ca03e9
2026-04-17T23:26:15,2026-04-17,2026-04-14 10:52:25,2026-20-06,job51,jobs_raw_2026-04-17_232427.csv,财务,重庆·九龙坡区,重庆,财务会计（实习生）,陕西嘉晟悦建设工程,3千及以下,3000,1年及以上,本科,"1年及以上,本科,节日福利,周末双休,五险",,https://jobs.51job.com/chongqing-jlpq/165794914.html?s=sou_sou_soulb&t=0_0&req=14d3c67490b1431eb476cfc595ca03e9
2026-04-17T23:26:15,2026-04-17,2026-04-10 16:49:04,2026-20-06,job51,jobs_raw_2026-04-17_232427.csv,财务,西安·未央区,西安,会计实习生,西安原点财务管理咨询,3-6千,4500,无需经验,大专,"无需经验,大专,办公软件,excel,会计,财务管理,销售报表,销售数据统计,税务处理,财务对账,数据处理,周末双休,弹性工作,全勤奖,通讯补贴,做五休二,交通补贴,节日福利",Excel,https://jobs.51job.com/xian-wyq/166267734.html?s=sou_sou_soulb&t=0_0&req=14d3c67490b1431eb476cfc595ca03e9
2026-04-17T23:26:15,2026-04-17,2026-02-27 11:15:09,2026-20-06,job51,jobs_raw_2026-04-17_232427.csv,财务,上海·浦东新区,上海,财务助理实习生,上海市通力律师事务所,4-4千,4000,无需经验,大专,"无需经验,大专,excel,财务,word,ppt,会计凭证,记账凭证,英语四级",Excel,https://jobs.51job.com/shanghai-pdxq/165955374.html?s=sou_sou_soulb&t=0_0&req=14d3c67490b1431eb476cfc595ca03e9
2026-04-17T23:26:15,2026-04-17,2026-04-13 21:17:01,2026-20-06,job51,jobs_raw_2026-04-17_232427.csv,财务,昆明·盘龙区,昆明,会计助理,云南亚客商务信息咨询,2-4千,3000,无需经验,大专,"无需经验,大专,办公软件,财务,会计,财务报表,归档,财务软件,税务申报,发票管理,凭证整理,财务流程优化,专业培训,做五休二,周末双休,弹性工作",,https://jobs.51job.com/kunming-plq/171575436.html?s=sou_sou_soulb&t=0_0&req=14d3c67490b1431eb476cfc595ca03e9
2026-04-17T23:26:15,2026-04-17,2026-04-13 14:47:31,2026-20-06,job51,jobs_raw_2026-04-17_232427.csv,财务,石家庄,石家庄,河北-核算会计岗 (MJ008192),中国太平洋财产保险股份有限公司河北,5-8千,6500,无需经验,本科,"无需经验,本科",,https://jobs.51job.com/shijiazhuang/171564779.html?s=sou_sou_soulb&t=0_0&req=14d3c67490b1431eb476cfc595ca03e9
2026-04-17T23:26:15,2026-04-17,2026-03-10 16:00:20,2026-20-06,job51,jobs_raw_2026-04-17_232427.csv,财务,上海·闵行区,上海,立信会计2026届毕业生,上海地江集团,7-8千,7500,无需经验,本科,"无需经验,本科,财务,项目管理,会计,金蝶,税务,归档,财务软件,会计凭证,报表,用友,五险一金,绩效奖金,专业培训,节日福利,定期体检,带薪年假,员工旅游,通讯补贴,交通补贴,周末双休,做五休二,包食宿",,https://jobs.51job.com/shanghai-mhq/170966045.html?s=sou_sou_soulb&t=0_0&req=14d3c67490b1431eb476cfc595ca03e9
2026-04-17T23:26:15,2026-04-17,2026-03-18 11:29:20,2026-20-06,job51,jobs_raw_2026-04-17_232427.csv,财务,广州·荔湾区,广州,急聘财务实习生,广州市华辉拉肠餐饮管理,3.2-3.5千,3350,无需经验,大专,"无需经验,大专,专业培训,双休",,https://jobs.51job.com/guangzhou-lwq/165943221.html?s=sou_sou_soulb&t=0_0&req=14d3c67490b1431eb476cfc595ca03e9
2026-04-17T23:26:15,2026-04-17,2026-02-12 16:11:58,2026-20-06,job51,jobs_raw_2026-04-17_232427.csv,财务,长春·南关区,长春,会计管理岗 (MJ008626),中国太平洋人寿保险股份有限公司吉林省,3-5千,4000,无需经验,本科,"无需经验,本科,五险一金,绩效奖金,定期体检,节日福利",,https://jobs.51job.com/changchun-ngq/168692959.html?s=sou_sou_soulb&t=0_0&req=14d3c67490b1431eb476cfc595ca03e9
2026-04-17T23:26:15,2026-04-17,2026-04-17 11:41:15,2026-20-06,job51,jobs_raw_2026-04-17_232427.csv,财务,东莞·厚街镇,东莞,会计助力/实习生,东莞市正域会计师事务所（普通合伙）,3千及以下,3000,无需经验,大专,"无需经验,大专,财务,会计,税务,实习,提供吃住,周末双休,应届生,会计助理,代理记账,会计师,年终奖金,专业培训,带薪年假,员工旅游,周末双休,补贴,节假日福利,包吃包住",,https://jobs.51job.com/dongguan-hjz/161379004.html?s=sou_sou_soulb&t=0_0&req=14d3c67490b1431eb476cfc595ca03e9
2026-04-17T23:26:39,2026-04-17,2026-04-17 16:04:22,2026-20-06,job51,jobs_raw_2026-04-17_232427.csv,数据挖掘,南京·玄武区,南京,数据中心项目副总监-毅达汇景,江苏毅达股权投资基金管理,20-30万/年,20833,5年及以上,本科,"5年及以上,本科,团队建设,招商,维护客户关系,日常管理,服务,计算机,团队建设,培训,五险一金,带薪年假,员工旅游,年终奖金,绩效奖金,专业培训,定期体检,交通补贴,通讯补贴,有餐补",,https://jobs.51job.com/nanjing-xwq/171664985.html?s=sou_sou_soulb&t=0_0&req=f5fa657186a14576b2450b08df5e2695
2026-04-17T23:26:39,2026-04-17,2026-04-15 21:36:02,2026-20-06,job51,jobs_raw_2026-04-17_232427.csv,数据挖掘,常州,常州,数据分析师,上海目柏机电,1-1.2万·13薪,11000,无需经验,本科,"无需经验,本科,计算机,数学,统计,matlab,建模,人工智能,spss,分析,数据建模,sas,五险一金,绩效奖金,年终奖金,专业培训,员工旅游,带薪年假,弹性工作,周末双休,节日福利,通讯补贴,全勤奖,做五休二,五险,高温补贴","MATLAB,数据分析",https://jobs.51job.com/changzhou/163263994.html?s=sou_sou_soulb&t=0_0&req=f5fa657186a14576b2450b08df5e2695
2026-04-17T23:26:39,2026-04-17,2026-04-08 15:52:44,2026-20-06,job51,jobs_raw_2026-04-17_232427.csv,数据挖掘,中山,中山,数据资产产品经理,上海森栩医学科技,1-1.7万·13薪,13500,3-5年,本科,"3-5年,本科,数据资产,可信数据空间,数据要素",,https://jobs.51job.com/zhongshan/171486001.html?s=sou_sou_soulb&t=0_0&req=f5fa657186a14576b2450b08df5e2695
2026-04-17T23:26:39,2026-04-17,2026-04-02 17:39:37,2026-20-06,job51,jobs_raw_2026-04-17_232427.csv,数据挖掘,上海·浦东新区,上海,数据量化分析岗,申能财产保险,1-2万·14薪,15000,3年及以上,本科,"3年及以上,本科,需求分析,项目管理,sql,金融,保险,docker,金融工程,算法,pmp,保险,五险一金,年终奖金,餐饮补贴,带薪年假,补充医疗保险,周末双休,通讯补贴,补充公积金,企业年金,高温补贴","SQL,Docker",https://jobs.51job.com/shanghai-pdxq/171410973.html?s=sou_sou_soulb&t=0_0&req=f5fa657186a14576b2450b08df5e2695
2026-04-17T23:26:39,2026-04-17,2025-11-26 14:33:19,2026-20-05,job51,jobs_raw_2026-04-17_232427.csv,数据挖掘,苏州,苏州,锂电池方向数据挖掘人员,苏州材科源图科技,8千-1.3万,8000,无需经验,本科,"无需经验,本科,固态电解质,数据挖掘,光刻胶,excel,origin,材料科学,电解质,固态电池,半导体封装,胶水,业绩奖金,年终奖金,专业培训,项目提成,出差补贴,周末双休,餐饮补贴,商业保险,带薪年假,全勤奖,六险二金",Excel,https://jobs.51job.com/suzhou/167464005.html?s=sou_sou_soulb&t=0_0&req=f5fa657186a14576b2450b08df5e2695
2026-04-17T23:26:39,2026-04-17,2025-09-17 14:10:59,2026-20-05,job51,jobs_raw_2026-04-17_232427.csv,数据挖掘,南京·鼓楼区,南京,数据工程师,南京金固建设（集团）,8千-1.2万,8000,2年及以上,本科,"2年及以上,本科,项目管理,数据分析,数据治理,数字化转型,算法模型,数据,数据驱动,计算机,五险一金,补充医疗保险,员工旅游,交通补贴,餐饮补贴,专业培训,绩效奖金,年终奖金,定期体检",数据分析,https://jobs.51job.com/nanjing-glq/168174606.html?s=sou_sou_soulb&t=0_0&req=f5fa657186a14576b2450b08df5e2695
2026-04-17T23:26:39,2026-04-17,2026-04-16 21:40:08,2026-20-06,job51,jobs_raw_2026-04-17_232427.csv,数据挖掘,上海,上海,数据分析师,上海狩利信息科技,1-1.5万,12500,无需经验,本科,"无需经验,本科,数据分析,excel,sql,mysql数据库,数据可视化,计算机科学,数据建模,tableau,sas,应用数学,五险一金,绩效奖金,年终奖金,定期体检,专业培训,餐饮补贴,弹性工作,周末双休,节日福利,交通补贴,通讯补贴,全勤奖,做五休二,五险","SQL,Excel,Tableau,数据分析",https://jobs.51job.com/shanghai/160730184.html?s=sou_sou_soulb&t=0_0&req=f5fa657186a14576b2450b08df5e2695
2026-04-17T23:26:39,2026-04-17,2026-04-16 14:21:37,2026-20-06,job51,jobs_raw_2026-04-17_232427.csv,数据挖掘,西安·雁塔区,西安,数据开发工程师,成都众鑫达人力资源,1.5-1.7万·13薪,16000,无需经验,大专,"无需经验,大专,计算机,sql,大数据,hadoop,编程语言,数据仓库,spark,数据平台,数据系统,数据处理,员工旅游,绩效奖金,年终奖金,零食下午茶,包吃,五险","SQL,Hadoop,Spark",https://jobs.51job.com/xian-ytq/171638712.html?s=sou_sou_soulb&t=0_0&req=f5fa657186a14576b2450b08df5e2695
2026-04-17T23:26:39,2026-04-17,2026-04-15 13:49:41,2026-20-06,job51,jobs_raw_2026-04-17_232427.csv,数据挖掘,徐州,徐州,流体仿真工程师,徐州徐工挖掘机械,1.5-2万,17500,3-5年,硕士,"3-5年,硕士,仿真,液压系统,挖掘机,培训指导,样机调试,cfd,分析试验数据,带薪年假,节日福利",,https://jobs.51job.com/xuzhou/171613406.html?s=sou_sou_soulb&t=0_0&req=f5fa657186a14576b2450b08df5e2695
2026-04-17T23:26:39,2026-04-17,2026-03-20 15:18:02,2026-20-06,job51,jobs_raw_2026-04-17_232427.csv,数据挖掘,武汉·武汉经济开发区,武汉,智驾大数据挖掘-奕派科技,东风汽车集团,1.5-2.5万,20000,2年及以上,本科,"2年及以上,本科,数据分析,sql,解决方案,数学,建模,数据仓库,人工智能,数据挖掘,数据可视化,图像处理,年终奖金,定期体检,绩效奖金,餐饮补贴,通讯补贴,带薪年假,节日福利","SQL,数据分析",https://jobs.51job.com/wuhan-whjj/171175636.html?s=sou_sou_soulb&t=0_0&req=f5fa657186a14576b2450b08df5e2695
2026-04-17T23:26:39,2026-04-17,2026-04-16 15:58:15,2026-20-06,job51,jobs_raw_2026-04-17_232427.csv,数据挖掘,武汉,武汉,感知-模型算法开发,安徽中创国农信息科技发展,1.3-1.6万,14500,2年及以上,本科,"2年及以上,本科,管理,自动化,c++,车辆工程,数据挖掘,数据结构算法,深度学习框架,预处理,数据挖掘算法",深度学习,https://jobs.51job.com/wuhan/171642458.html?s=sou_sou_soulb&t=0_0&req=f5fa657186a14576b2450b08df5e2695
2026-04-17T23:26:39,2026-04-17,2026-04-17 10:16:29,2026-20-06,job51,jobs_raw_2026-04-17_232427.csv,数据挖掘,株洲·天元区,株洲,成本经理,唐人神集团,8千-1.2万,8000,5年及以上,本科,"5年及以上,本科,数据分析,财务,会计,成本核算,成本管理,成本管控,数据挖掘,中级会计师,降本增效,成本分析报告,定期团建,交通补贴,通讯补贴,出差补贴,包吃,包住,年终奖金,绩效奖金,五险一金",数据分析,https://jobs.51job.com/zhuzhou-tyq/171653949.html?s=sou_sou_soulb&t=0_0&req=f5fa657186a14576b2450b08df5e2695
2026-04-17T23:26:39,2026-04-17,2026-04-15 13:33:56,2026-20-06,job51,jobs_raw_2026-04-17_232427.csv,数据挖掘,徐州,徐州,控制软件开发,徐州徐工挖掘机械,1.2-2万,16000,3-5年,硕士,"3-5年,硕士,测试,需求分析,测试用例,自动化,c++,软件测试,c#,系统测试,matlab,编程语言,带薪年假,节假日福利",MATLAB,https://jobs.51job.com/xuzhou/171612826.html?s=sou_sou_soulb&t=0_0&req=f5fa657186a14576b2450b08df5e2695
2026-04-17T23:26:39,2026-04-17,2026-04-16 09:41:26,2026-20-06,job51,jobs_raw_2026-04-17_232427.csv,数据挖掘,深圳·福田区,深圳,Senior Data Analyst(10个月短期合同),家得宝投资管理（上海）,2-3万·13薪,25000,5年及以上,本科,"5年及以上,本科,rpa,automation,data,mining",,https://jobs.51job.com/shenzhen-ftq/171357793.html?s=sou_sou_soulb&t=0_0&req=f5fa657186a14576b2450b08df5e2695
2026-04-17T23:26:39,2026-04-17,2026-04-14 09:30:00,2026-20-06,job51,jobs_raw_2026-04-17_232427.csv,数据挖掘,深圳·龙华区,深圳,AI数据工程师,深圳市格瑞普电池,1.1-1.8万,14500,1年及以上,本科,"1年及以上,本科,mysql,数据库,数据分析,erp,软件工程,gcp,docker,kafka,ai,mes,带薪年假,食堂,节假日,产假,培训,法定节假,五险一金,餐饮补贴,专业培训,定期体检,绩效奖金,节假日福利,团体活动丰富,项目奖金,快速晋升","Docker,数据分析",https://jobs.51job.com/shenzhen-lhq/171578041.html?s=sou_sou_soulb&t=0_0&req=f5fa657186a14576b2450b08df5e2695
2026-04-17T23:26:39,2026-04-17,2026-04-17 08:45:43,2026-20-06,job51,jobs_raw_2026-04-17_232427.csv,数据挖掘,北京,北京,数据挖掘工程师,美团,3-5万,40000,3-4年,未知,3-4年,,https://jobs.51job.com/beijing/170845912.html?s=sou_sou_soulb&t=0_0&req=f5fa657186a14576b2450b08df5e2695
2026-04-17T23:26:39,2026-04-17,2026-04-16 09:38:31,2026-20-06,job51,jobs_raw_2026-04-17_232427.csv,数据挖掘,广州·天河区,广州,数据分析专家,上海韶明企业管理,1.8-3万·14薪,24000,5年及以上,本科,"5年及以上,本科,数据分析,sql,统计分析,编程语言,电商平台,机器学习,数据挖掘,计算机科学,aipl,五险一金,做五休二","SQL,机器学习,数据分析",https://jobs.51job.com/guangzhou-thq/171252522.html?s=sou_sou_soulb&t=0_0&req=f5fa657186a14576b2450b08df5e2695
2026-04-17T23:26:39,2026-04-17,2026-04-01 17:50:27,2026-20-06,job51,jobs_raw_2026-04-17_232427.csv,数据挖掘,广州·天河区,广州,数据分析专家,前锦网络信息技术（上海）,1.8-3万,24000,3年及以上,本科,"3年及以上,本科,数据分析,sql,统计分析,编程语言,建模,电商平台,机器学习,数据挖掘,数据可视化,计算机科学,五险一金,定期体检,带薪年假,补充医疗保险,周末双休,节日福利,做五休二,带薪病假","SQL,机器学习,数据分析",https://jobs.51job.com/guangzhou-thq/171207478.html?s=sou_sou_soulb&t=0_0&req=f5fa657186a14576b2450b08df5e2695
2026-04-17T23:26:39,2026-04-17,2026-04-07 06:16:36,2026-20-06,job51,jobs_raw_2026-04-17_232427.csv,数据挖掘,沈阳·沈北新区,沈阳,数据挖掘/建模/优化,辽宁新能数智科技,8千-1.6万·13薪,8000,无需经验,本科,"无需经验,本科,计算机,java,linux,c++,数学,编程语言,spark,机器学习,数据挖掘,电气工程,五险一金,餐饮补贴,年终奖金,周末双休,节日福利","Java,Spark,Linux,机器学习",https://jobs.51job.com/shenyang-sbxq/171268622.html?s=sou_sou_soulb&t=0_0&req=f5fa657186a14576b2450b08df5e2695
2026-04-17T23:26:39,2026-04-17,2026-03-10 15:18:12,2026-20-06,job51,jobs_raw_2026-04-17_232427.csv,数据挖掘,上海·徐汇区,上海,数据分析师,上海甚解信息技术,7千-1.3万,7000,2年及以上,本科,"2年及以上,本科,计算机,数据分析,excel,sql,经济,数学,数据驱动,数据分析模型,数据处理,数据分析报告,五险一金,周末双休","SQL,Excel,数据分析",https://jobs.51job.com/shanghai-xhq/170963686.html?s=sou_sou_soulb&t=0_0&req=f5fa657186a14576b2450b08df5e2695
2026-04-17T23:26:51,2026-04-17,2026-04-17 09:19:12,2026-20-06,job51,jobs_raw_2026-04-17_232427.csv,数据挖掘,杭州·上城区,杭州,数据工程师,北京经世万方信息技术,8千-1.5万,8000,1-3年,本科,"1-3年,本科,计算机,java,oracle,经济,增删改查,编程语言,数据采集,电力,pl/sql,存储过程,五险一金,员工旅游,交通补贴,餐饮补贴,通讯补贴,绩效奖金,年终奖金,定期体检,专业培训,股票期权","Java,SQL",https://jobs.51job.com/hangzhou-scq/165742582.html?s=sou_sou_soulb&t=0_0&req=4c982bdb76dd452598414a09a20abc8e
2026-04-17T23:26:51,2026-04-17,2026-04-15 11:14:31,2026-20-06,job51,jobs_raw_2026-04-17_232427.csv,数据挖掘,南通·启东市,南通,产品数据开发工程师,惠生清洁能源科技集团,1.1-1.8万·16薪,14500,3年及以上,本科,"3年及以上,本科,培训,五险一金,带薪年假,带薪病假,绩效奖金,专业培训,定期体检,通讯补贴,有餐补",,https://jobs.51job.com/nantong-qds/171609425.html?s=sou_sou_soulb&t=0_0&req=4c982bdb76dd452598414a09a20abc8e
2026-04-17T23:26:51,2026-04-17,2026-03-19 11:34:44,2026-20-06,job51,jobs_raw_2026-04-17_232427.csv,数据挖掘,重庆·九龙坡区,重庆,数据分析工程师,智御维科（重庆）科技,30-60万/年,37500,5年及以上,本科,"5年及以上,本科,数据分析,建模,技术文档,数据采集,数据治理,数据支撑,数据中台,数字化转型,代码评审,可视化",数据分析,https://jobs.51job.com/chongqing-jlpq/171143554.html?s=sou_sou_soulb&t=0_0&req=4c982bdb76dd452598414a09a20abc8e
2026-04-17T23:26:51,2026-04-17,2026-04-13 16:02:04,2026-20-06,job51,jobs_raw_2026-04-17_232427.csv,数据挖掘,长沙,长沙,大数据分析,前锦网络信息技术（上海）,1.6-1.8万·15薪,17000,3年及以上,本科,"3年及以上,本科,mysql,oracle,数据库,数据分析,sql,数学,统计,大数据,理工,统计分析,五险一金,补充医疗保险,带薪年假,带薪病假,定期体检,通讯补贴","SQL,数据分析",https://jobs.51job.com/changsha/171568527.html?s=sou_sou_soulb&t=0_0&req=4c982bdb76dd452598414a09a20abc8e
2026-04-17T23:26:51,2026-04-17,2026-03-06 16:50:36,2026-20-06,job51,jobs_raw_2026-04-17_232427.csv,数据挖掘,无锡·新吴区,无锡,SXVT_R&D_Data Analysis Engineer 无锡数据分析工程师,西门子爱克斯射线真空技术（无锡）,1-2万,15000,3-4年,硕士,"3-4年,硕士,数据挖掘,数据可视化,POWERBI,大数据分析,TABLEAU,数据清洗,五险一金,定期体检,餐饮补贴,补充医疗保险,周末双休,交通补贴,补充公积金,免费班车","R,Tableau,Power BI,数据分析",https://jobs.51job.com/wuxi-xwq/170902582.html?s=sou_sou_soulb&t=0_0&req=4c982bdb76dd452598414a09a20abc8e
2026-04-17T23:26:51,2026-04-17,2026-04-02 17:03:16,2026-20-06,job51,jobs_raw_2026-04-17_232427.csv,数据挖掘,苏州·高新区,苏州,数据分析与挖掘工程师1（苏州）,深圳市鹏劳人力资源管理,1.2-1.6万,14000,2年及以上,本科,"2年及以上,本科,java,数据分析,c++,c#,数据结构,spark,算法,机器学习,数据挖掘,调优,五险一金","Java,Spark,机器学习,数据分析",https://jobs.51job.com/suzhou-gxq/171010533.html?s=sou_sou_soulb&t=0_0&req=4c982bdb76dd452598414a09a20abc8e
2026-04-17T23:26:51,2026-04-17,2025-11-13 14:05:13,2026-20-05,job51,jobs_raw_2026-04-17_232427.csv,数据挖掘,深圳·龙华区,深圳,数据分析师,深电能科技集团,9千-1.8万,9000,无需经验,硕士,"无需经验,硕士,数据分析,数学,算法,电力系统,数学建模,pandas,量化交易,专利,模型设计,numpy,新能源,带薪年假,周末双休,绩效效益奖金,免费午餐",数据分析,https://jobs.51job.com/shenzhen-lhq/169277428.html?s=sou_sou_soulb&t=0_0&req=4c982bdb76dd452598414a09a20abc8e
2026-04-17T23:26:51,2026-04-17,2026-03-03 17:10:39,2026-20-06,job51,jobs_raw_2026-04-17_232427.csv,数据挖掘,广州·天河区,广州,数据分析+大国企（稳定性高）,前锦网络信息技术（上海）,20-30万/年,20833,2年及以上,本科,"2年及以上,本科,计算机,数据分析,电子,运营,通信,电子商务,数学,统计,数据挖掘,运营策略,五险一金,年终奖金,定期体检,员工旅游,带薪年假,周末双休,节日福利",数据分析,https://jobs.51job.com/guangzhou-thq/159859357.html?s=sou_sou_soulb&t=0_0&req=4c982bdb76dd452598414a09a20abc8e
2026-04-17T23:26:51,2026-04-17,2026-04-14 09:32:12,2026-20-06,job51,jobs_raw_2026-04-17_232427.csv,数据挖掘,深圳·龙华区,深圳,Python数据分析师（AI模型）,深圳市格瑞普电池,1.1-1.8万,14500,2年及以上,本科,"2年及以上,本科,带薪年假,产假,食堂,法定节假,节假日,提供宿舍,培训,五险一金,餐饮补贴,专业培训,弹性工作,定期体检,绩效奖金,节假日福利,团体活动丰富",数据分析,https://jobs.51job.com/shenzhen-lhq/170991812.html?s=sou_sou_soulb&t=0_0&req=4c982bdb76dd452598414a09a20abc8e
2026-04-17T23:26:51,2026-04-17,2026-04-10 16:46:36,2026-20-06,job51,jobs_raw_2026-04-17_232427.csv,数据挖掘,苏州·吴中区,苏州,高级数据分析师,苏州金记食品,1.5-2.5万,20000,3年及以上,本科,"3年及以上,本科,数据分析,sql,数学,互联网,经济学,建模,分析报告,零售,计算机科学,用户画像,五险一金,员工旅游,餐饮补贴,绩效奖金,年终奖金,定期体检,免费住宿,年度调薪","SQL,数据分析",https://jobs.51job.com/suzhou-wzq/171536087.html?s=sou_sou_soulb&t=0_0&req=4c982bdb76dd452598414a09a20abc8e
2026-04-17T23:26:51,2026-04-17,2026-04-17 08:45:32,2026-20-06,job51,jobs_raw_2026-04-17_232427.csv,数据挖掘,北京,北京,自动驾驶数据挖掘工程师,美团,3-5万,40000,3-4年,未知,3-4年,,https://jobs.51job.com/beijing/170693689.html?s=sou_sou_soulb&t=0_0&req=4c982bdb76dd452598414a09a20abc8e
2026-04-17T23:26:51,2026-04-17,2026-04-02 11:57:58,2026-20-06,job51,jobs_raw_2026-04-17_232427.csv,数据挖掘,成都·武侯区,成都,数据挖掘工程师,成都安铭汇信息技术,9千-1.2万,9000,无需经验,大专,"无需经验,大专,数据分析,编程,数学,编程语言,数据支持,机器学习,数据挖掘,数据清洗,计算机科学,数据预处理,五险一金,周末双休","机器学习,数据分析",https://jobs.51job.com/chengdu-whq/162906521.html?s=sou_sou_soulb&t=0_0&req=4c982bdb76dd452598414a09a20abc8e
2026-04-17T23:26:51,2026-04-17,2026-04-10 11:18:42,2026-20-06,job51,jobs_raw_2026-04-17_232427.csv,数据挖掘,武汉,武汉,教育BG-高级数据分析师-武汉,科大讯飞,2.5-4万·14薪,32500,5年及以上,本科,"5年及以上,本科,计算机,数据分析,数学,简历筛选,数据挖掘,产品优化,用户画像,营销策略制定,行业数据分析,业务发展,五险一金,绩效奖金,年终奖金,定期体检,带薪年假,交通补贴,节日福利",数据分析,https://jobs.51job.com/wuhan/171525685.html?s=sou_sou_soulb&t=0_0&req=4c982bdb76dd452598414a09a20abc8e
2026-04-17T23:26:51,2026-04-17,2025-11-06 10:41:32,2026-20-05,job51,jobs_raw_2026-04-17_232427.csv,数据挖掘,上海·徐汇区,上海,数据科学家,雅通数据科技（上海）,1-2万,15000,1-5年,本科,"1-5年,本科,python",Python,https://jobs.51job.com/shanghai-xhq/169125255.html?s=sou_sou_soulb&t=0_0&req=4c982bdb76dd452598414a09a20abc8e
2026-04-17T23:26:51,2026-04-17,2026-03-19 17:04:23,2026-20-06,job51,jobs_raw_2026-04-17_232427.csv,数据挖掘,广州·天河区,广州,数据分析师,中准会计师事务所（特殊普通合伙）广东分所,5千-1万,5000,1-3年,本科,"1-3年,本科,数据分析,审计,软件开发,软件工程,软件,it,机器学习,数据挖掘,分析,信息技术,节日福利,周末双休,年终奖,餐补,五险一金,项目奖金,有餐补,过节费,生日红包,年度体检","机器学习,数据分析",https://jobs.51job.com/guangzhou-thq/162789458.html?s=sou_sou_soulb&t=0_0&req=4c982bdb76dd452598414a09a20abc8e
2026-04-17T23:26:51,2026-04-17,2026-03-18 10:52:58,2026-20-06,job51,jobs_raw_2026-04-17_232427.csv,数据挖掘,上海,上海,数据分析师,上海塑盛电子商务,9千-1.3万,9000,1-3年,本科,"1-3年,本科,计算机,数据分析,excel,sql,数学,统计分析,数据收集,数据建模,数据处理,监控数据质量,五险一金,绩效奖金,年终奖金,带薪年假,周末双休,节日福利","SQL,Excel,数据分析",https://jobs.51job.com/shanghai/170740993.html?s=sou_sou_soulb&t=0_0&req=4c982bdb76dd452598414a09a20abc8e
2026-04-17T23:26:51,2026-04-17,2026-02-09 13:10:41,2026-20-06,job51,jobs_raw_2026-04-17_232427.csv,数据挖掘,北京·朝阳区,北京,风控岗（数据分析）,安和信数字科技（上海）,8千-1.2万,8000,3年及以上,本科,"3年及以上,本科,数据分析,excel,sql,数学,统计,报表,金融工程,数据挖掘,数据清洗,bi,培训,五险一金,带薪年假,定期体检,绩效奖金,零食下午茶,季度奖金,餐饮补贴,周末双休,补充医疗保险,补充公积金","SQL,Excel,数据分析",https://jobs.51job.com/beijing-cyq/170563812.html?s=sou_sou_soulb&t=0_0&req=4c982bdb76dd452598414a09a20abc8e
2026-04-17T23:26:51,2026-04-17,2026-04-14 15:55:23,2026-20-06,job51,jobs_raw_2026-04-17_232427.csv,数据挖掘,广州·黄埔区,广州,电商数据分析经理,广州正商诸葛投资,2-3万,25000,8年及以上,本科,"8年及以上,本科,数据分析,团队管理,数据挖掘,人才培养,数据,bi,数据运营,数据洞察,数据体系,分层运营,五险一金,带薪年假,免费班车",数据分析,https://jobs.51job.com/guangzhou-hpq/171590615.html?s=sou_sou_soulb&t=0_0&req=4c982bdb76dd452598414a09a20abc8e
2026-04-17T23:26:51,2026-04-17,2026-04-01 10:45:59,2026-20-06,job51,jobs_raw_2026-04-17_232427.csv,数据挖掘,深圳·龙岗区,深圳,数据分析经理/主管,深圳市泽锦实业,2-3.5万,27500,3年及以上,大专,"3年及以上,大专,数据分析,excel,跨境电商,数据挖掘,数据建模,大数据处理,分析产品数据,业务数据,跨境电商行业,产品运营,五险一金,带薪年假,带薪病假,员工旅游,年终奖金,绩效奖金,专业培训,零食下午茶,定期团建,有餐补","Excel,数据分析",https://jobs.51job.com/shenzhen-lgq/169479322.html?s=sou_sou_soulb&t=0_0&req=4c982bdb76dd452598414a09a20abc8e
2026-04-17T23:26:51,2026-04-17,2026-03-07 14:15:03,2026-20-06,job51,jobs_raw_2026-04-17_232427.csv,数据挖掘,长沙·岳麓区,长沙,IT数据工程师,前锦网络信息技术（上海）,1.5-2万·15薪,17500,5年及以上,硕士,"5年及以上,硕士,数据分析,数据管理,数据治理,数据架构,数据标准化,数据质量检查,数据标准,数据挖掘,数据资源,数据可视化,五险一金,提成奖金,交通补贴,餐饮补贴,通讯补贴,弹性工作,专业培训,定期体检,年终奖金",数据分析,https://jobs.51job.com/changsha-ylq/157619931.html?s=sou_sou_soulb&t=0_0&req=4c982bdb76dd452598414a09a20abc8e
2026-04-17T23:27:14,2026-04-17,2026-01-22 17:01:44,2026-20-06,job51,jobs_raw_2026-04-17_232427.csv,java,武汉·洪山区,武汉,JAVA开发人员（中级）,武汉智丽丰信息科技,7千-1.2万,7000,2年及以上,本科,"2年及以上,本科,Java，J2EE,软件工程师,软件开发,java开发,五险一金,专业培训,年终奖金,弹性工作,员工旅游,绩效奖金,商业保险",Java,https://jobs.51job.com/wuhan-hsq/106879392.html?s=sou_sou_soulb&t=0_0&req=4524501fad9c45c8854561bff543a576
2026-04-17T23:27:14,2026-04-17,2026-03-13 09:39:48,2026-20-06,job51,jobs_raw_2026-04-17_232427.csv,java,成都·成华区,成都,Java后端开发工程师,中数通信息,8千-1.2万,8000,3年及以上,本科,"3年及以上,本科,计算机,java,mysql,spring,linux,springboot,mybatis,css,springmvc,redis,五险一金","Java,Linux",https://jobs.51job.com/chengdu-chq/168618182.html?s=sou_sou_soulb&t=0_0&req=4524501fad9c45c8854561bff543a576
2026-04-17T23:27:14,2026-04-17,2025-12-04 16:00:15,2026-20-05,job51,jobs_raw_2026-04-17_232427.csv,java,新乡,新乡,JAVA工程师,河南米多奇食品,6-8千,7000,3-4年,大专,"3-4年,大专,通讯补贴,餐饮补贴,绩效奖金,交通补贴,节日福利",,https://jobs.51job.com/xinxiang/150990438.html?s=sou_sou_soulb&t=0_0&req=4524501fad9c45c8854561bff543a576
2026-04-17T23:27:14,2026-04-17,2026-03-03 18:26:48,2026-20-06,job51,jobs_raw_2026-04-17_232427.csv,java,广州·黄埔区,广州,java开发工程师,广州市鑫澳康科技,7千-1万·13薪,7000,3-5年,大专,"3-5年,大专,计算机,java,mysql,oracle,数据库,spring,linux,springboot,mybatis,springmvc,交通补助,五险,节日福利,绩效奖金,带薪年假,周末双休,餐饮补贴,交通补贴,年终奖金","Java,Linux",https://jobs.51job.com/guangzhou-hpq/170821522.html?s=sou_sou_soulb&t=0_0&req=4524501fad9c45c8854561bff543a576
2026-04-17T23:27:14,2026-04-17,2026-03-25 04:12:37,2026-20-06,job51,jobs_raw_2026-04-17_232427.csv,java,武汉,武汉,java开发工程师,武汉频率软件开发,8千-1.2万,8000,2年及以上,大专,"2年及以上,大专,计算机,java,mybatis,需求分析,代码编写,用户体验,微服务架构,优化系统性能,技术方案落地,五险一金,补充医疗保险,补充公积金",Java,https://jobs.51job.com/wuhan/171232223.html?s=sou_sou_soulb&t=0_0&req=4524501fad9c45c8854561bff543a576
2026-04-17T23:27:14,2026-04-17,2026-01-28 14:10:52,2026-20-06,job51,jobs_raw_2026-04-17_232427.csv,java,深圳,深圳,Java开发工程师,上海才扬软件科技,8千-1.5万,8000,2年及以上,本科,"2年及以上,本科,五险一金,餐饮补贴,交通补贴,绩效奖金,年终奖金,定期体检,专业培训",,https://jobs.51job.com/shenzhen/157194401.html?s=sou_sou_soulb&t=0_0&req=4524501fad9c45c8854561bff543a576
2026-04-17T23:27:14,2026-04-17,2026-02-25 14:51:28,2026-20-06,job51,jobs_raw_2026-04-17_232427.csv,java,中山·三乡镇,中山,java开发工程师,广东和胜工业铝材,1-1.2万,11000,3年及以上,大专,"3年及以上,大专,计算机,java,mysql,oracle,数据库,mybatis,html,javascript,多线程,ssh",Java,https://jobs.51job.com/zhongshan-sxz/166346226.html?s=sou_sou_soulb&t=0_0&req=4524501fad9c45c8854561bff543a576
2026-04-17T23:27:14,2026-04-17,2026-03-17 18:16:46,2026-20-06,job51,jobs_raw_2026-04-17_232427.csv,java,广州·黄埔区,广州,中高级Java开发工程师,广州华赫智能科技,10-20万/年,12500,1年,本科,"1年,本科,java,数据库,spring,redis,微服务,mybatis,五险一金,员工旅游,绩效奖金,股票期权,定期体检,带薪年假",Java,https://jobs.51job.com/guangzhou-hpq/141541831.html?s=sou_sou_soulb&t=0_0&req=4524501fad9c45c8854561bff543a576
2026-04-17T23:27:14,2026-04-17,2026-03-05 11:43:13,2026-20-06,job51,jobs_raw_2026-04-17_232427.csv,java,上海·浦东新区,上海,java开发工程师,江苏荣正通信科技,9千-1.2万·13薪,9000,1年及以上,本科,"1年及以上,本科,java,mysql,测试,javascript,测试用例,调试,软件开发,c#,web,自动化测试,五险一金,年终奖金,专业培训,周末双休,免费班车",Java,https://jobs.51job.com/shanghai-pdxq/170862155.html?s=sou_sou_soulb&t=0_0&req=4524501fad9c45c8854561bff543a576
2026-04-17T23:27:14,2026-04-17,2026-04-01 15:53:47,2026-20-06,job51,jobs_raw_2026-04-17_232427.csv,java,成都·双流区,成都,Java开发工程师（成都DK）,新讯数字科技（杭州）,8千-1.1万,8000,1-3年,未知,"1-3年,五险一金,专业培训,定期体检,弹性工作,绩效奖金,年终奖金,餐饮补贴,有餐补",,https://jobs.51job.com/chengdu-slq/171381517.html?s=sou_sou_soulb&t=0_0&req=4524501fad9c45c8854561bff543a576
2026-04-17T23:27:14,2026-04-17,2026-01-05 15:05:55,2026-20-06,job51,jobs_raw_2026-04-17_232427.csv,java,重庆·南岸区,重庆,java开发工程师,一度一瓦节能环保科技（上海）,6千-1.2万,6000,1-3年,本科,"1-3年,本科,java,mysql,linux,测试,mybatis,redis,maven,git,运维,数据库设计,五险一金,年终奖金,周末双休","Java,Linux,Git",https://jobs.51job.com/chongqing-naq/170112001.html?s=sou_sou_soulb&t=0_0&req=4524501fad9c45c8854561bff543a576
2026-04-17T23:27:14,2026-04-17,2025-12-09 11:18:16,2026-20-05,job51,jobs_raw_2026-04-17_232427.csv,java,郑州·管城回族区,郑州,Java后端开发工程师,深圳市微分科技,4-7千·13薪,5500,1-3年,本科,"1-3年,本科,五险一金,年终奖金,员工旅游,商业保险",,https://jobs.51job.com/guanchenghuizuqu/169722498.html?s=sou_sou_soulb&t=0_0&req=4524501fad9c45c8854561bff543a576
2026-04-17T23:27:14,2026-04-17,2026-03-26 16:34:50,2026-20-06,job51,jobs_raw_2026-04-17_232427.csv,java,广州·天河区,广州,java开发工程师,广东超腾信息科技,8千-1.5万,8000,3-5年,大专,"3-5年,大专,java,mysql,数据库,redis,异常处理,编程,rabbitmq,kafka,ai,功能开发,五险,餐补,带薪年假,免费体检,年终奖,下午茶,周末双休,朝九晚六,晋升,法定节假,节假日,底薪,周未双休,年终奖金,绩效奖金",Java,https://jobs.51job.com/guangzhou-thq/171283509.html?s=sou_sou_soulb&t=0_0&req=4524501fad9c45c8854561bff543a576
2026-04-17T23:27:14,2026-04-17,2026-03-09 16:17:45,2026-20-06,job51,jobs_raw_2026-04-17_232427.csv,java,南京·玄武区,南京,java开发工程师,上海盖讯信息技术,6千-1万,6000,1年及以上,大专,"1年及以上,大专,五险一金,年终奖金,绩效奖金,专业培训,周末双休",,https://jobs.51job.com/nanjing-xwq/170938903.html?s=sou_sou_soulb&t=0_0&req=4524501fad9c45c8854561bff543a576
2026-04-17T23:27:14,2026-04-17,2026-03-09 11:39:56,2026-20-06,job51,jobs_raw_2026-04-17_232427.csv,java,深圳·龙岗区,深圳,Java开发工程师,中华商务联合印刷（广东）,6千-1万,6000,无需经验,本科,"无需经验,本科,java,springmvc,springboot,webservice,五险一金,员工旅游,餐饮补贴,专业培训,绩效奖金,定期体检,带薪年假,全勤奖",Java,https://jobs.51job.com/shenzhen-lgq/144677915.html?s=sou_sou_soulb&t=0_0&req=4524501fad9c45c8854561bff543a576
2026-04-17T23:27:14,2026-04-17,2026-02-24 10:50:26,2026-20-06,job51,jobs_raw_2026-04-17_232427.csv,java,广州·越秀区,广州,Java开发工程师,万达宝软件（深圳）,9千-1.3万,9000,1年,本科,"1年,本科,java,软件开发,开发,软件,java开发,五险一金,员工旅游,交通补贴,专业培训,年终奖金,定期体检",Java,https://jobs.51job.com/guangzhou-yxq/134026451.html?s=sou_sou_soulb&t=0_0&req=4524501fad9c45c8854561bff543a576
2026-04-17T23:27:14,2026-04-17,2025-11-17 09:27:48,2026-20-05,job51,jobs_raw_2026-04-17_232427.csv,java,东莞·横沥镇,东莞,Java开发工程师,东莞联达毛纺,8千-1万,8000,3年及以上,大专,"3年及以上,大专,周末双休,带薪年假,节日福利,免费班车",,https://jobs.51job.com/dongguan-hlz/159362027.html?s=sou_sou_soulb&t=0_0&req=4524501fad9c45c8854561bff543a576
2026-04-17T23:27:14,2026-04-17,2026-03-18 08:30:24,2026-20-06,job51,jobs_raw_2026-04-17_232427.csv,java,,,Java高级开发工程师,重庆用友软件,8千-1.5万,8000,1年及以上,本科,"1年及以上,本科,NC,NCC,BIP,用友,五险一金,交通补贴,餐饮补贴,通讯补贴,绩效奖金,弹性工作,定期体检",,https://jobs.51job.com/all/171110342.html?s=sou_sou_soulb&t=0_0&req=4524501fad9c45c8854561bff543a576
2026-04-17T23:27:14,2026-04-17,2026-01-14 12:42:43,2026-20-06,job51,jobs_raw_2026-04-17_232427.csv,java,常州·武进区,常州,后端开发工程师,江苏莱宝电力,5-7千,6000,1年及以上,大专,"1年及以上,大专,java,mysql,spring,linux,springboot,mybatis,需求分析,代码编写,编码,javaee,五险一金,年终奖金,定期体检,餐饮补贴,双休,节假日福利,有餐补","Java,Linux",https://jobs.51job.com/changzhou-wjq/169650675.html?s=sou_sou_soulb&t=0_0&req=4524501fad9c45c8854561bff543a576
2026-04-17T23:27:14,2026-04-17,2025-11-03 18:09:46,2026-20-05,job51,jobs_raw_2026-04-17_232427.csv,java,武汉,武汉,后端开发工程师（武汉）,浙江宇视科技,8千-1.3万,8000,1年及以上,本科,"1年及以上,本科,五险一金,通讯补贴,周末双休,定期团建,餐饮补贴,定期体检,绩效奖金,年终奖金,弹性工作,员工旅游,导师培养,员工福利,法定节假,年度体检,节假日",,https://jobs.51job.com/wuhan/159064425.html?s=sou_sou_soulb&t=0_0&req=4524501fad9c45c8854561bff543a576
2026-04-17T23:27:23,2026-04-17,2025-11-24 16:30:55,2026-20-05,job51,jobs_raw_2026-04-17_232427.csv,java,合肥·瑶海区,合肥,java开发工程师,上海显光芯工业软件,1.2-1.6万,14000,3年及以上,大专,"3年及以上,大专,计算机,java,测试,软件工程,设计模式,单元测试,编码,维护,编程语言,软件产品,五险一金,员工旅游,交通补贴,定期体检,做五休二,免费吃住,补充意外险,带薪年休,生日福利,出差补贴,工作氛围nice,带薪年假,项目奖金,有餐补",Java,https://jobs.51job.com/hefei-yhq/165441162.html?s=sou_sou_soulb&t=0_0&req=06297baf0b5448d8abdf0c0b8b53fdc3
2026-04-17T23:27:23,2026-04-17,2026-04-08 14:38:27,2026-20-06,job51,jobs_raw_2026-04-17_232427.csv,java,宁波·鄞州区,宁波,JAVA开发工程师,信电技术,9千-1.4万,9000,1年及以上,本科,"1年及以上,本科,计算机,java,oracle,mybatis,redis,需求调研,前端,html5,项目实施,postman",Java,https://jobs.51job.com/ningbo-yzq/171482850.html?s=sou_sou_soulb&t=0_0&req=06297baf0b5448d8abdf0c0b8b53fdc3
2026-04-17T23:27:23,2026-04-17,2026-03-18 17:19:24,2026-20-06,job51,jobs_raw_2026-04-17_232427.csv,java,海宁,海宁,java开发工程师,天通控股,5-7千·13薪,6000,1年及以上,本科,"1年及以上,本科,计算机,java,spring,jquery,mybatis,springmvc,javascript,项目管理,sql,hibernate,五险一金,年终奖金,餐饮补贴,专业培训,周末双休,补充医疗保险,带薪年假,免费班车","Java,SQL",https://jobs.51job.com/haining/167966151.html?s=sou_sou_soulb&t=0_0&req=06297baf0b5448d8abdf0c0b8b53fdc3
2026-04-17T23:27:23,2026-04-17,2026-02-02 16:38:51,2026-20-06,job51,jobs_raw_2026-04-17_232427.csv,java,宁波·鄞州区,宁波,java开发,宁波国际物流发展,6-8千,7000,1年,本科,"1年,本科,计算机,java,数据库,mybatis,redis,vue,调试,git,idea,单元测试","Java,Git",https://jobs.51job.com/ningbo-yzq/170386098.html?s=sou_sou_soulb&t=0_0&req=06297baf0b5448d8abdf0c0b8b53fdc3
2026-04-17T23:27:23,2026-04-17,2026-03-08 09:16:25,2026-20-06,job51,jobs_raw_2026-04-17_232427.csv,java,沈阳·于洪区,沈阳,java开发工程师(出差),沈阳侃侃科技,4-4.5千,4250,2年及以上,大专,"2年及以上,大专,五险一金,周末双休,节日福利",,https://jobs.51job.com/shenyang-yhq/168496231.html?s=sou_sou_soulb&t=0_0&req=06297baf0b5448d8abdf0c0b8b53fdc3
2026-04-17T23:27:23,2026-04-17,2026-03-24 09:44:12,2026-20-06,job51,jobs_raw_2026-04-17_232427.csv,java,北京·朝阳区,北京,java开发,河南腾桓人力资源,8千-1.2万·13薪,8000,无需经验,大专,"无需经验,大专",,https://jobs.51job.com/beijing-cyq/170150019.html?s=sou_sou_soulb&t=0_0&req=06297baf0b5448d8abdf0c0b8b53fdc3
2026-04-17T23:27:23,2026-04-17,2025-11-11 14:50:27,2026-20-05,job51,jobs_raw_2026-04-17_232427.csv,java,杭州·余杭区,杭州,java开发（学信网可查本科22年之前毕业）,武汉佰钧成技术,1-1.6万,13000,3年及以上,大专,"3年及以上,大专,五险一金,年终奖金,定期体检,绩效奖金",,https://jobs.51job.com/hangzhou-yhq/161558714.html?s=sou_sou_soulb&t=0_0&req=06297baf0b5448d8abdf0c0b8b53fdc3
2026-04-17T23:27:23,2026-04-17,2026-03-03 10:25:41,2026-20-06,job51,jobs_raw_2026-04-17_232427.csv,java,贵阳·云岩区,贵阳,java开发工程师（5000-7000）,贵州私人订制装修工程,5-7千,6000,无需经验,大专,"无需经验,大专,java,文档编写,架构设计,技术文档,代码实现,代码规范,系统需求分析,优化系统性能,商城系统,工单系统",Java,https://jobs.51job.com/guiyang-yyq/167413091.html?s=sou_sou_soulb&t=0_0&req=06297baf0b5448d8abdf0c0b8b53fdc3
2026-04-17T23:27:23,2026-04-17,2026-02-12 22:17:00,2026-20-06,job51,jobs_raw_2026-04-17_232427.csv,java,昆明·五华区,昆明,初级java开发工程师,云南科诚卫远科技,5-8千·13薪,6500,1年及以上,本科,"1年及以上,本科,计算机,spring,mybatis,需求分析,开发,eclipse,hibernate,编程,mysql数据库,设计模式,五险一金,定期体检,周末双休,做五休二",,https://jobs.51job.com/kunming-whq/170600816.html?s=sou_sou_soulb&t=0_0&req=06297baf0b5448d8abdf0c0b8b53fdc3
2026-04-17T23:27:23,2026-04-17,2026-04-10 04:07:19,2026-20-06,job51,jobs_raw_2026-04-17_232427.csv,java,安阳,安阳,java开发工程师,河南未寻网络科技,6千-1.2万,6000,2年及以上,本科,"2年及以上,本科,java,mybatis,计算机,需求分析,文档编写,用户体验,微服务架构,编码习惯,代码实现,五险一金,补充医疗保险,补充公积金,五险一金,补充医疗保险,补充公积金",Java,https://jobs.51job.com/anyang/171480219.html?s=sou_sou_soulb&t=0_0&req=06297baf0b5448d8abdf0c0b8b53fdc3
2026-04-17T23:27:23,2026-04-17,2026-03-31 04:09:22,2026-20-06,job51,jobs_raw_2026-04-17_232427.csv,java,银川,银川,Java后端开发工程师,宁夏飞龙海信息技术发展,6-8千,7000,3年及以上,本科,"3年及以上,本科,测试,技术文档,代码,技术分析,需求评审,五险一金,补充公积金,节日福利",,https://jobs.51job.com/yinchuan/171203994.html?s=sou_sou_soulb&t=0_0&req=06297baf0b5448d8abdf0c0b8b53fdc3
2026-04-17T23:27:23,2026-04-17,2026-01-28 21:19:30,2026-20-06,job51,jobs_raw_2026-04-17_232427.csv,java,苏州·吴中区,苏州,初级java开发工程师,上海至芫科技,6-9千,7500,1年及以上,本科,"1年及以上,本科,五险一金,补充医疗保险",,https://jobs.51job.com/suzhou-wzq/170456189.html?s=sou_sou_soulb&t=0_0&req=06297baf0b5448d8abdf0c0b8b53fdc3
2026-04-17T23:27:23,2026-04-17,2025-12-04 10:43:22,2026-20-05,job51,jobs_raw_2026-04-17_232427.csv,java,南通,南通,java开发工程师,深圳市云迅通科技,4-6千,5000,无需经验,大专,"无需经验,大专,java,mysql,oracle,数据库,spring,jquery,html,sql,vue,开发,五险一金,交通补贴,专业培训,绩效奖金","Java,SQL",https://jobs.51job.com/nantong/169646631.html?s=sou_sou_soulb&t=0_0&req=06297baf0b5448d8abdf0c0b8b53fdc3
2026-04-17T23:27:23,2026-04-17,2026-03-29 19:02:28,2026-20-06,job51,jobs_raw_2026-04-17_232427.csv,java,北京·昌平区,北京,JAVA+双休+五险一金,潍坊市博远人力资源,7千-1.2万·13薪,7000,无需经验,大专,"无需经验,大专,计算机,java,需求分析,代码编写,编程语言,优化系统性能,系统设计,双休,五险一金,年终奖金,绩效奖金,定期体检,专业培训,员工旅游,交通补贴,通讯补贴,周末双休,补充医疗保险,带薪年假,补充公积金,全勤奖",Java,https://jobs.51job.com/beijing-cpq/171317949.html?s=sou_sou_soulb&t=0_0&req=06297baf0b5448d8abdf0c0b8b53fdc3
2026-04-17T23:27:23,2026-04-17,2025-12-18 16:34:09,2026-20-05,job51,jobs_raw_2026-04-17_232427.csv,java,济南·历城区,济南,JAVA初级开发工程师(RD41),浙江宇视科技,7千-1.4万,7000,1年,本科,"1年,本科,计算机,java,linux,c++,软件开发,windows,网络,android,软件,电子信息,五险一金,餐饮补贴,定期体检,绩效奖金,年终奖金,弹性工作,员工旅游,专业培训,通讯补贴","Java,Linux",https://jobs.51job.com/jinan-lcq/160657845.html?s=sou_sou_soulb&t=0_0&req=06297baf0b5448d8abdf0c0b8b53fdc3
2026-04-17T23:27:23,2026-04-17,2026-03-26 09:23:45,2026-20-06,job51,jobs_raw_2026-04-17_232427.csv,java,成都·锦江区,成都,初级java开发工程师,成都博联永创科技,5-8千,6500,1年及以上,大专,"1年及以上,大专,旅游,五险一金,公积金,生育保险,团建",,https://jobs.51job.com/chengdu-jjq/168606339.html?s=sou_sou_soulb&t=0_0&req=06297baf0b5448d8abdf0c0b8b53fdc3
2026-04-17T23:27:23,2026-04-17,2026-02-25 10:07:06,2026-20-06,job51,jobs_raw_2026-04-17_232427.csv,java,福州·鼓楼区,福州,Java开发工程师(IOB01H03),福建顶点软件,9千-1.5万,9000,1年及以上,本科,"1年及以上,本科,六险一金,专业培训,定期体检,电脑补贴,结婚礼金,健身房",,https://jobs.51job.com/fuzhou-glq/164191450.html?s=sou_sou_soulb&t=0_0&req=06297baf0b5448d8abdf0c0b8b53fdc3
2026-04-17T23:27:23,2026-04-17,2026-04-08 04:13:19,2026-20-06,job51,jobs_raw_2026-04-17_232427.csv,java,郑州,郑州,java开发,河南德裕网络科技,8千-1.5万,8000,3年及以上,本科,"3年及以上,本科",,https://jobs.51job.com/zhengzhou/171421222.html?s=sou_sou_soulb&t=0_0&req=06297baf0b5448d8abdf0c0b8b53fdc3
2026-04-17T23:27:23,2026-04-17,2026-03-04 17:55:39,2026-20-06,job51,jobs_raw_2026-04-17_232427.csv,java,西安·长安区,西安,JAVA软件开发工程师(RD41),浙江宇视科技,1-1.5万,12500,1年,本科,"1年,本科,java,调试,android,编程语言,ios,软件设计,移动端,安防,系统架构设计,go,五险一金,年终奖金,绩效奖金,定期体检,专业培训,餐饮补贴,员工旅游,通讯补贴,弹性工作",Java,https://jobs.51job.com/xian-caq/170849684.html?s=sou_sou_soulb&t=0_0&req=06297baf0b5448d8abdf0c0b8b53fdc3
2026-04-17T23:27:23,2026-04-17,2026-04-17 12:13:18,2026-20-06,job51,jobs_raw_2026-04-17_232427.csv,java,南京,南京,后端开发工程师,南京洲源信息科技,15-20万/年,14583,3年及以上,本科,"3年及以上,本科,五险一金,年终奖金,绩效奖金",,https://jobs.51job.com/nanjing/156768725.html?s=sou_sou_soulb&t=0_0&req=06297baf0b5448d8abdf0c0b8b53fdc3
2026-04-17T23:27:49,2026-04-17,2026-04-15 16:17:00,2026-20-06,job51,jobs_raw_2026-04-17_232427.csv,测试开发,宁波·慈溪市,宁波,车载测试经理,上海爱辉通信技术,1.8-2.5万,21500,5年及以上,本科,"5年及以上,本科,测试,项目管理,团队管理,人员管理,英语四级,项目经理,英语读写,性能调优,概要设计,技术攻关,五险一金,专业培训,绩效奖金,出国机会,节假日福利",,https://jobs.51job.com/ningbo-cxs/167132118.html?s=sou_sou_soulb&t=0_0&req=85aef4be45a94fbcab83ef1c77dea2b1
2026-04-17T23:27:49,2026-04-17,2026-04-16 11:43:53,2026-20-06,job51,jobs_raw_2026-04-17_232427.csv,测试开发,广州,广州,测试工程师,普望（上海）信息科技,1-1.5万,12500,1年及以上,本科,"1年及以上,本科,定期体检,出差补贴,节日福利,五险一金,定期团建,带薪年假,周末双休",,https://jobs.51job.com/guangzhou/170837354.html?s=sou_sou_soulb&t=0_0&req=85aef4be45a94fbcab83ef1c77dea2b1
2026-04-17T23:27:49,2026-04-17,2026-02-28 11:26:30,2026-20-06,job51,jobs_raw_2026-04-17_232427.csv,测试开发,成都·成华区,成都,通用软件开发/测试/运维技术岗包食宿,成都维创利星科技,4-8千,6000,无需经验,大专,"无需经验,大专,java,linux,测试,需求分析,测试用例,c++,软件开发,软件测试,运维,单元测试,五险一金,年终奖金,专业培训,餐饮补贴,员工旅游,补充医疗保险,通讯补贴,交通补贴,包食宿,培训,补充公积金,免费班车,双休","Java,Linux",https://jobs.51job.com/chengdu-chq/170743869.html?s=sou_sou_soulb&t=0_0&req=85aef4be45a94fbcab83ef1c77dea2b1
2026-04-17T23:27:49,2026-04-17,2026-04-11 14:57:03,2026-20-06,job51,jobs_raw_2026-04-17_232427.csv,测试开发,深圳·龙岗区,深圳,测试工程师（临时外协）,深圳市聚星智能装备,1.5-1.8万,16500,1年及以上,大专,"1年及以上,大专,测试,性能测试,设备调试,测试环境,测试设备,测试流程,半导体测试,故障分析,测试报告,半导体设备,包住,体检",,https://jobs.51job.com/shenzhen-lgq/165473204.html?s=sou_sou_soulb&t=0_0&req=85aef4be45a94fbcab83ef1c77dea2b1
2026-04-17T23:27:49,2026-04-17,2026-04-17 14:43:25,2026-20-06,job51,jobs_raw_2026-04-17_232427.csv,测试开发,上海·杨浦区,上海,资深测试工程师,国泰财产保险,2.5-3.5万·15薪,30000,5年及以上,本科,"5年及以上,本科,风险识别,全流程测试,质量分析报告,保险",,https://jobs.51job.com/shanghai-ypq/169657309.html?s=sou_sou_soulb&t=0_0&req=85aef4be45a94fbcab83ef1c77dea2b1
2026-04-17T23:27:49,2026-04-17,2026-04-02 09:57:11,2026-20-06,job51,jobs_raw_2026-04-17_232427.csv,测试开发,广州·天河区,广州,软件测试工程师,广州三瑞医疗器械,8千-1万,8000,1年及以上,本科,"1年及以上,本科,医疗器械行业,五险一金,年终奖金,员工旅游,绩效奖金,定期体检,通讯补贴,包餐",,https://jobs.51job.com/guangzhou-thq/171392845.html?s=sou_sou_soulb&t=0_0&req=85aef4be45a94fbcab83ef1c77dea2b1
2026-04-17T23:27:49,2026-04-17,2026-04-17 09:01:45,2026-20-06,job51,jobs_raw_2026-04-17_232427.csv,测试开发,北京·海淀区,北京,嵌入式 Linux 驱动程序测试工程师,北京中科航天人才服务,1.2-2.4万,18000,无需经验,本科,"无需经验,本科,嵌入式LINUX,驱动开发,底层驱动",Linux,https://jobs.51job.com/beijing-hdq/169292933.html?s=sou_sou_soulb&t=0_0&req=85aef4be45a94fbcab83ef1c77dea2b1
2026-04-17T23:27:49,2026-04-17,2025-08-28 20:53:08,2026-20-05,job51,jobs_raw_2026-04-17_232427.csv,测试开发,南京,南京,测试工程师,西安极光盛世信息科技,1-1.5万·14薪,12500,无需经验,本科,"无需经验,本科,计算机,测试用例,软件测试,测试方案,测试工具,测试流程,兼容性测试,测试效率,问题修复,测试计划,五险一金,年终奖金,绩效奖金",,https://jobs.51job.com/nanjing/167727171.html?s=sou_sou_soulb&t=0_0&req=85aef4be45a94fbcab83ef1c77dea2b1
2026-04-17T23:27:49,2026-04-17,2025-11-18 12:01:08,2026-20-05,job51,jobs_raw_2026-04-17_232427.csv,测试开发,广州·黄埔区,广州,测试工程师,广州辰河质检技术,6千-1.2万·13薪,6000,无需经验,本科,"无需经验,本科,linux,测试,测试用例,windows,网络,软件测试,计算机网络,fiddler,测试方案,英语读写,周末双休,弹性工作,带薪年假,五险一金,节日福利,专业培训",Linux,https://jobs.51job.com/guangzhou-hpq/153218070.html?s=sou_sou_soulb&t=0_0&req=85aef4be45a94fbcab83ef1c77dea2b1
2026-04-17T23:27:49,2026-04-17,2026-04-16 15:17:32,2026-20-06,job51,jobs_raw_2026-04-17_232427.csv,测试开发,上海·青浦区,上海,软件测试工程师（15薪+双休）,深圳众芯优创科技,2-4万·14薪,30000,无需经验,本科,"无需经验,本科,双休,餐补,员工食堂,定期团建,下午茶,免费体检,弹性工作,年终奖,带薪年假,五险一金,15薪,节假日,班车,加班费,大牛带队",,https://jobs.51job.com/shanghai-qpq/164517591.html?s=sou_sou_soulb&t=0_0&req=85aef4be45a94fbcab83ef1c77dea2b1
2026-04-17T23:27:49,2026-04-17,2026-04-03 14:50:37,2026-20-06,job51,jobs_raw_2026-04-17_232427.csv,测试开发,厦门·湖里区,厦门,软测工程师,福州市晋安区创数纪科技,8千-1万·13薪,8000,1年,本科,"1年,本科,计算机,linux,测试用例,sql,功能测试,jmeter,接口测试,软件测试,软件工程,postman,缴纳五险,五险一金,团建","SQL,Linux",https://jobs.51job.com/xiamen-hlq/171425159.html?s=sou_sou_soulb&t=0_0&req=85aef4be45a94fbcab83ef1c77dea2b1
2026-04-17T23:27:49,2026-04-17,2026-02-26 11:51:51,2026-20-06,job51,jobs_raw_2026-04-17_232427.csv,测试开发,,,软件测试工程师,沈阳速速通网络科技,1.5-1.8万·13薪,16500,1年及以上,本科,"1年及以上,本科",,https://jobs.51job.com/all/170687681.html?s=sou_sou_soulb&t=0_0&req=85aef4be45a94fbcab83ef1c77dea2b1
2026-04-17T23:27:49,2026-04-17,2026-04-17 10:46:41,2026-20-06,job51,jobs_raw_2026-04-17_232427.csv,测试开发,昆山,昆山,软件测试工程师,伟尔泰克智造科技（苏州）,7千-1.3万,7000,1年及以上,本科,"1年及以上,本科,五险一金,通讯补贴,专业培训,出国机会,绩效奖金,年终奖金",,https://jobs.51job.com/kunshan/162239926.html?s=sou_sou_soulb&t=0_0&req=85aef4be45a94fbcab83ef1c77dea2b1
2026-04-17T23:27:49,2026-04-17,2026-03-28 08:23:33,2026-20-06,job51,jobs_raw_2026-04-17_232427.csv,测试开发,上海·宝山区,上海,软件测试工程师,上海互普网络科技,6千-1.2万,6000,1年及以上,本科,"1年及以上,本科,计算机,java,linux,测试,测试用例,开发,功能测试,接口测试,mysql数据库,性能测试,绩效奖金,股权激励","Java,Linux",https://jobs.51job.com/shanghai-bsq/167925192.html?s=sou_sou_soulb&t=0_0&req=85aef4be45a94fbcab83ef1c77dea2b1
2026-04-17T23:27:49,2026-04-17,2026-04-16 16:59:30,2026-20-06,job51,jobs_raw_2026-04-17_232427.csv,测试开发,合肥·高新区,合肥,AI测试工程师（大模型应用方向） (MJ006760),上海移远通信技术,1.2-2万,16000,3年及以上,硕士,"3年及以上,硕士,五险一金,补充医疗保险,带薪年假,带薪病假,员工旅游,年终奖金,专业培训,定期体检,有餐补,通讯补贴",大模型,https://jobs.51job.com/hefei-gxq/171361517.html?s=sou_sou_soulb&t=0_0&req=85aef4be45a94fbcab83ef1c77dea2b1
2026-04-17T23:27:49,2026-04-17,2025-08-28 19:09:07,2026-20-05,job51,jobs_raw_2026-04-17_232427.csv,测试开发,武汉,武汉,测试工程师,西安极光盛世信息科技,1-2万·14薪,15000,无需经验,本科,"无需经验,本科,计算机,测试用例,jmeter,postman,selenium,测试工具,兼容性测试,软件测试流程,问题修复,需求评审,五险一金,绩效奖金,带薪年假",,https://jobs.51job.com/wuhan/167726517.html?s=sou_sou_soulb&t=0_0&req=85aef4be45a94fbcab83ef1c77dea2b1
2026-04-17T23:27:49,2026-04-17,2026-02-25 14:03:23,2026-20-06,job51,jobs_raw_2026-04-17_232427.csv,测试开发,,,软件测试工程师,沈阳盛京云创科技发展,1.3-1.8万·13薪,15500,1年及以上,本科,"1年及以上,本科",,https://jobs.51job.com/all/170662036.html?s=sou_sou_soulb&t=0_0&req=85aef4be45a94fbcab83ef1c77dea2b1
2026-04-17T23:27:49,2026-04-17,2026-03-19 21:24:44,2026-20-06,job51,jobs_raw_2026-04-17_232427.csv,测试开发,上海,上海,初级测试工程师,上海塑盛电子商务,9千-1万,9000,1-3年,本科,"1-3年,本科,五险一金,年终奖金,绩效奖金,弹性工作,带薪年假,周末双休,节日福利",,https://jobs.51job.com/shanghai/171161532.html?s=sou_sou_soulb&t=0_0&req=85aef4be45a94fbcab83ef1c77dea2b1
2026-04-17T23:27:49,2026-04-17,2026-03-30 18:43:16,2026-20-06,job51,jobs_raw_2026-04-17_232427.csv,测试开发,福州·鼓楼区,福州,软件测试工程师,广州茧悯科技,7-9千·13薪,8000,1年,本科,"1年,本科,计算机,java,测试用例,功能测试,jmeter,接口测试,postman,性能测试,测试方案,编程语言,周末双休,带薪年假,项目奖金,五险一金,弹性工作,团建,加班费",Java,https://jobs.51job.com/fuzhou-glq/171340216.html?s=sou_sou_soulb&t=0_0&req=85aef4be45a94fbcab83ef1c77dea2b1
2026-04-17T23:27:49,2026-04-17,2026-03-19 15:25:04,2026-20-06,job51,jobs_raw_2026-04-17_232427.csv,测试开发,上海·青浦区,上海,测试工程师,上海技涵电子科技,1-1.8万·14薪,14000,1年及以上,本科,"1年及以上,本科,计算机,测试,测试用例,通信,示波器,自动化测试,测试环境,电子信息工程,测试工具,项目测试,五险一金,补充医疗保险,餐饮补贴,出国机会,年终奖金,定期体检",,https://jobs.51job.com/shanghai-qpq/171151407.html?s=sou_sou_soulb&t=0_0&req=85aef4be45a94fbcab83ef1c77dea2b1
2026-04-17T23:27:58,2026-04-17,2026-04-09 11:08:00,2026-20-06,job51,jobs_raw_2026-04-17_232427.csv,测试开发,上海·静安区,上海,Product Security Test Engineer渗透测试,"飞利浦（中国）投资有限公司 Philips (China) Investment Co.,Ltd.",2-3万,25000,3年及以上,本科,"3年及以上,本科,渗透测试,五险一金,年终奖金,餐饮补贴,补充医疗保险,员工旅游,带薪年假,弹性工作,周末双休,培训",,https://jobs.51job.com/shanghai-jaq/170247202.html?s=sou_sou_soulb&t=0_0&req=a517e353436d4f12bb32122ef9b25cad
2026-04-17T23:27:58,2026-04-17,2026-03-25 11:01:53,2026-20-06,job51,jobs_raw_2026-04-17_232427.csv,测试开发,苏州·苏州工业园区,苏州,软件测试工程师,慧泉智能科技（苏州）,8千-1.5万,8000,1年及以上,本科,"1年及以上,本科,计算机,测试,需求分析,测试用例,自动化,功能测试,接口测试,软件测试,c#,自动化测试,五险一金,带薪年假,员工旅游,年终奖金,绩效奖金,项目奖金,定期体检,有餐补,通讯补贴,交通补贴",,https://jobs.51job.com/suzhou-gyyq/171248624.html?s=sou_sou_soulb&t=0_0&req=a517e353436d4f12bb32122ef9b25cad
2026-04-17T23:27:58,2026-04-17,2025-12-31 23:12:45,2026-20-05,job51,jobs_raw_2026-04-17_232427.csv,测试开发,长沙·开福区,长沙,测试工程师,上海骐骥极创电子科技,7千-1.2万·13薪,7000,1年及以上,本科,"1年及以上,本科,五险一金,补充医疗保险,带薪年假,员工旅游,年终奖金,项目奖金,出差补贴,定期体检",,https://jobs.51job.com/changsha-kfq/170078605.html?s=sou_sou_soulb&t=0_0&req=a517e353436d4f12bb32122ef9b25cad
2026-04-17T23:27:58,2026-04-17,2026-04-17 09:02:09,2026-20-06,job51,jobs_raw_2026-04-17_232427.csv,测试开发,北京,北京,嵌入式软件测试工程师,北京中科航天人才服务,1.2-2.4万,18000,无需经验,本科,"无需经验,本科,嵌入式系统",,https://jobs.51job.com/beijing/169292510.html?s=sou_sou_soulb&t=0_0&req=a517e353436d4f12bb32122ef9b25cad
2026-04-17T23:27:58,2026-04-17,2026-03-30 11:40:12,2026-20-06,job51,jobs_raw_2026-04-17_232427.csv,测试开发,上海·浦东新区,上海,测试工程师,上海觉鑫智能科技,1.5-2.5万·13薪,20000,1年及以上,本科,"1年及以上,本科,计算机,linux,测试用例,编程,windows,自动化测试,测试环境,电源,测试工具,cpu",Linux,https://jobs.51job.com/shanghai-pdxq/170444792.html?s=sou_sou_soulb&t=0_0&req=a517e353436d4f12bb32122ef9b25cad
2026-04-17T23:27:58,2026-04-17,2026-03-18 11:20:36,2026-20-06,job51,jobs_raw_2026-04-17_232427.csv,测试开发,上海·浦东新区,上海,测试工程师,上海学获帮教育科技,9千-1.1万·13薪,9000,1-3年,本科,"1-3年,本科,缴纳五险,项目奖金,五险一金,弹性工作,带薪年假,年终奖金,定期体检,专业培训,绩效奖金,餐饮补贴,团队氛围,健康体检,包吃包住",,https://jobs.51job.com/shanghai-pdxq/171117213.html?s=sou_sou_soulb&t=0_0&req=a517e353436d4f12bb32122ef9b25cad
2026-04-17T23:27:58,2026-04-17,2025-12-29 19:32:34,2026-20-05,job51,jobs_raw_2026-04-17_232427.csv,测试开发,杭州·滨江区,杭州,测试工程师,上海骐骥极创电子科技,7千-1.2万·13薪,7000,1年及以上,本科,"1年及以上,本科,五险一金,补充医疗保险,带薪年假,员工旅游,年终奖金,项目奖金,出差补贴,定期体检",,https://jobs.51job.com/hangzhou-bjq/170046894.html?s=sou_sou_soulb&t=0_0&req=a517e353436d4f12bb32122ef9b25cad
2026-04-17T23:27:58,2026-04-17,2026-04-17 08:59:22,2026-20-06,job51,jobs_raw_2026-04-17_232427.csv,测试开发,西安·雁塔区,西安,软件测试外协人员,北京中科航天人才服务,6-8千,7000,1年及以上,本科,"1年及以上,本科,测试开发,五险一金",,https://jobs.51job.com/xian-ytq/171385869.html?s=sou_sou_soulb&t=0_0&req=a517e353436d4f12bb32122ef9b25cad
2026-04-17T23:27:58,2026-04-17,2026-03-17 11:02:40,2026-20-06,job51,jobs_raw_2026-04-17_232427.csv,测试开发,北京,北京,初级软件测试工程师,北京蜜熊科技,7-9千,8000,1年及以上,本科,"1年及以上,本科,计算机,功能测试,软件测试,性能测试,自动化测试,兼容性测试,测试用例设计,定位,软件缺陷,测试计划",,https://jobs.51job.com/beijing/170954726.html?s=sou_sou_soulb&t=0_0&req=a517e353436d4f12bb32122ef9b25cad
2026-04-17T23:27:58,2026-04-17,2026-03-27 16:57:11,2026-20-06,job51,jobs_raw_2026-04-17_232427.csv,测试开发,杭州·上城区,杭州,Web测试工程师,猎贤（杭州）信息技术,6千-1.2万,6000,1-3年,本科,"1-3年,本科,计算机,测试,功能测试,web,软件工程",,https://jobs.51job.com/hangzhou-scq/171306180.html?s=sou_sou_soulb&t=0_0&req=a517e353436d4f12bb32122ef9b25cad
2026-04-17T23:27:58,2026-04-17,2026-01-15 18:42:04,2026-20-06,job51,jobs_raw_2026-04-17_232427.csv,测试开发,深圳·南山区,深圳,软件测试工程师,深圳华搜信息科技,1.2-2.4万·14薪,18000,无需经验,本科,"无需经验,本科,app,自动化测试,测试用例,web,功能验证,需求分析,功能测试,后台管理系统,接口测试,回归测试,绩效奖金,年终奖金,五险一金,周末双休,带薪年假",,https://jobs.51job.com/shenzhen-nsq/169701839.html?s=sou_sou_soulb&t=0_0&req=a517e353436d4f12bb32122ef9b25cad
2026-04-17T23:27:58,2026-04-17,2026-04-17 09:02:03,2026-20-06,job51,jobs_raw_2026-04-17_232427.csv,测试开发,北京·海淀区,北京,嵌入式操作系统测试工程师,北京中科航天人才服务,1.2-2.4万,18000,无需经验,本科,"无需经验,本科,底层驱动,嵌入式系统",,https://jobs.51job.com/beijing-hdq/169292695.html?s=sou_sou_soulb&t=0_0&req=a517e353436d4f12bb32122ef9b25cad
2026-04-17T23:27:58,2026-04-17,2026-04-03 10:38:47,2026-20-06,job51,jobs_raw_2026-04-17_232427.csv,测试开发,赣州·信丰县,赣州,测试工程师,绿萌科技,8千-1.3万,8000,无需经验,本科,"无需经验,本科,五险一金,年终奖金,定期体检,专业培训,带薪年假,包吃包住",,https://jobs.51job.com/ganzhou-xfq/171418470.html?s=sou_sou_soulb&t=0_0&req=a517e353436d4f12bb32122ef9b25cad
2026-04-17T23:27:58,2026-04-17,2026-03-02 14:38:58,2026-20-06,job51,jobs_raw_2026-04-17_232427.csv,测试开发,深圳·宝安区,深圳,软件测试工程师,深圳市伊欧乐科技,8千-1.3万,8000,1-3年,本科,"1-3年,本科,shell,回归测试,压力测试,测试工具,黑盒测试,蓝牙,嵌入式系统,执行测试,通信协议,wi_fi,五险一金,定期体检,专业培训,带薪年假,周末双休,节日福利,零食下午茶,定期团建,项目奖",,https://jobs.51job.com/shenzhen-baq/170781329.html?s=sou_sou_soulb&t=0_0&req=a517e353436d4f12bb32122ef9b25cad
2026-04-17T23:27:58,2026-04-17,2026-01-15 18:41:49,2026-20-06,job51,jobs_raw_2026-04-17_232427.csv,测试开发,南京·秦淮区,南京,软件测试工程师,深圳华搜信息科技,1.2-2.4万·14薪,18000,无需经验,本科,"无需经验,本科,app,自动化测试,测试用例,web,功能验证,需求分析,功能测试,后台管理系统,接口测试,回归测试,绩效奖金,年终奖金,五险一金,周末双休,带薪年假",,https://jobs.51job.com/nanjing-qhq/169702743.html?s=sou_sou_soulb&t=0_0&req=a517e353436d4f12bb32122ef9b25cad
2026-04-17T23:27:58,2026-04-17,2026-03-02 11:25:54,2026-20-06,job51,jobs_raw_2026-04-17_232427.csv,测试开发,沈阳·和平区,沈阳,测试工程师,沈阳益博芸科技,8千-1万,8000,无需经验,大专,"无需经验,大专",,https://jobs.51job.com/shenyang-hpq/170773643.html?s=sou_sou_soulb&t=0_0&req=a517e353436d4f12bb32122ef9b25cad
2026-04-17T23:27:58,2026-04-17,2026-04-01 09:35:20,2026-20-06,job51,jobs_raw_2026-04-17_232427.csv,测试开发,南京,南京,软件测试工程师,南京益昂通信技术,1.5-3万·14薪,22500,3-6年,本科,"3-6年,本科,五险一金,定期团建,带薪年假,定期体检,绩效奖金,团队聚餐,年底奖金,年假,环境舒适,环境好,过节福利,法定节假,节假日,晋升",,https://jobs.51job.com/nanjing/160324198.html?s=sou_sou_soulb&t=0_0&req=a517e353436d4f12bb32122ef9b25cad
2026-04-17T23:27:58,2026-04-17,2026-04-03 14:53:20,2026-20-06,job51,jobs_raw_2026-04-17_232427.csv,测试开发,深圳·南山区,深圳,自动化测试工程师（双休+加班费+24/25届可投）,深圳市汇合发展,1-1.8万·13薪,14000,1年及以上,本科,"1年及以上,本科,数据库,自动化,银行测试,年终奖,周末双休,双休,过节费,月度福利,加班费",,https://jobs.51job.com/shenzhen-nsq/171425248.html?s=sou_sou_soulb&t=0_0&req=a517e353436d4f12bb32122ef9b25cad
2026-04-17T23:27:58,2026-04-17,2026-02-27 11:50:14,2026-20-06,job51,jobs_raw_2026-04-17_232427.csv,测试开发,上海·浦东新区,上海,CUDA测试工程师,上海觉鑫智能科技,1-1.8万·13薪,14000,1年,本科,"1年,本科,linux,测试用例,c++,功能测试,软件测试,性能测试,自动化测试,编程语言,压力测试,计算机科学,五险一金,年终奖金,定期体检,员工旅游,带薪年假,做五休二,补充医疗保险,节日福利,周末双休",Linux,https://jobs.51job.com/shanghai-pdxq/166329204.html?s=sou_sou_soulb&t=0_0&req=a517e353436d4f12bb32122ef9b25cad
2026-04-17T23:27:58,2026-04-17,2026-04-16 09:53:56,2026-20-06,job51,jobs_raw_2026-04-17_232427.csv,测试开发,上海,上海,网络测试工程师,上海鹏汇电子科技,1-1.5万·13薪,12500,1年及以上,本科,"1年及以上,本科,五险一金,定期体检,绩效奖金,餐饮补贴,做五休二,员工旅游,带薪年假,交通补贴,节日福利,通讯补贴,周末双休",,https://jobs.51job.com/shanghai/161172027.html?s=sou_sou_soulb&t=0_0&req=a517e353436d4f12bb32122ef9b25cad
